drop table if exists t2, t1;
# bug#14095785
create table t1 (
a int not null,
b int not null,
primary key using hash (a),
unique key using hash (b)
) engine ndb;
create table t2 (
a int not null,
b int not null,
primary key using hash (a),
key (b)
) engine ndb;
alter table t2
add constraint foreign key (b) references t1 (b);
alter table t2
drop foreign key;
ERROR 42000: You have an error in your SQL syntax; check the manual that corresponds to your MySQL server version for the right syntax to use near '' at line 2
drop table t2, t1;
# bug#14095838
create table t1 (
a int not null,
primary key using hash (a)
) engine ndb;
create table t2 (
a int not null,
b int not null,
primary key using hash (a),
key (b)
) engine ndb;
alter table t2
add constraint fk1 foreign key (b) references t1 (a)
on delete cascade on update cascade;
ERROR HY000: Cannot add foreign key constraint
show warnings;
Level	Code	Message
Warning	1296	Got error 21000 'Create foreign key failed - parent key is primary key and on-update-cascade is not allowed' from NDB
Error	150	Cannot add foreign key constraint
alter table t2
add constraint fk1 foreign key (b) references t1 (a)
on delete cascade on update restrict;
drop table t2, t1;
# bug#14195170
CREATE TABLE customer (id INT NOT NULL, PRIMARY KEY (id)) ENGINE=NDB;
CREATE TABLE product (category INT NOT NULL, id INT NOT NULL,
price DECIMAL, PRIMARY KEY(category, id)) ENGINE=NDB;
CREATE TABLE product_order (no INT NOT NULL AUTO_INCREMENT, product_category INT NOT NULL, product_id INT NOT NULL, customer_id INT NOT NULL, PRIMARY KEY(no), INDEX (product_category, product_id), FOREIGN KEY (product_category, product_id) REFERENCES product(category, id) ON UPDATE CASCADE ON DELETE RESTRICT, INDEX (customer_id), FOREIGN KEY (customer_id) REFERENCES customer(id)) ENGINE=ndb;
ERROR HY000: Cannot add foreign key constraint
show warnings;
Level	Code	Message
Warning	1296	Got error 21000 'Create foreign key failed - parent key is primary key and on-update-cascade is not allowed' from NDB
Error	1215	Cannot add foreign key constraint
CREATE TABLE product_order (no INT NOT NULL AUTO_INCREMENT, product_category INT NOT NULL, product_id INT NOT NULL, customer_id INT NOT NULL, PRIMARY KEY(no), INDEX (product_category, product_id), FOREIGN KEY (product_category, product_id) REFERENCES product(category, id) ON UPDATE CASCADE ON DELETE RESTRICT, INDEX (customer_id), FOREIGN KEY (customer_id) REFERENCES customer(id)) ENGINE=ndb;
ERROR HY000: Cannot add foreign key constraint
show warnings;
Level	Code	Message
Warning	1296	Got error 21000 'Create foreign key failed - parent key is primary key and on-update-cascade is not allowed' from NDB
Error	1215	Cannot add foreign key constraint
DROP TABLE customer, product;
# bug#14124623
CREATE TABLE counties (county VARCHAR(30) NOT NULL PRIMARY KEY,
country VARCHAR(30), INDEX county_country_index(country)) ENGINE=ndb;
INSERT INTO counties VALUES
('Berkshire','England'),('Shropshire','England'),('Oxfordshire','England'),('Buckinghamshire','England');
CREATE TABLE towns (town VARCHAR(30) NOT NULL PRIMARY KEY, county
VARCHAR(30), INDEX county_county_index (county), CONSTRAINT county_town
FOREIGN KEY (county) REFERENCES counties(county) ON DELETE RESTRICT ON UPDATE
RESTRICT) ENGINE=ndb;
INSERT INTO towns VALUES
('Maidenhead','Berkshire'),('Reading','Berkshire'),('Shrewsbury','Shropshire')
,('Oxford','Oxfordshire');
CREATE TABLE languages (language VARCHAR(30) NOT NULL PRIMARY KEY,
country VARCHAR(30), INDEX lang_country_index(country), CONSTRAINT
country_language FOREIGN KEY (country) REFERENCES counties(country) ON DELETE
RESTRICT ON UPDATE RESTRICT) engine=ndb;
ERROR HY000: Cannot add foreign key constraint
show warnings;
Level	Code	Message
Warning	1296	Got error 21026 'Create foreign key failed in NDB - parent index is not unique index' from NDB
Error	1215	Cannot add foreign key constraint
CREATE TABLE languages (language VARCHAR(30) NOT NULL PRIMARY KEY,
country VARCHAR(30), INDEX lang_country_index(country), CONSTRAINT
country_language FOREIGN KEY (country) REFERENCES counties(country) ON DELETE
RESTRICT ON UPDATE RESTRICT) engine=ndb;
ERROR HY000: Cannot add foreign key constraint
show warnings;
Level	Code	Message
Warning	1296	Got error 21026 'Create foreign key failed in NDB - parent index is not unique index' from NDB
Error	1215	Cannot add foreign key constraint
CREATE TABLE languages (id INT NOT NULL PRIMARY KEY) engine=ndb;
drop table languages, towns, counties;
# test: child vs parent column types
create table t1 (
a int not null,
b int not null,
primary key using hash (a),
unique key using hash (b)
) engine ndb;
create table t2 (
a int not null,
b char(20) not null,
primary key using hash (a),
key (b),
constraint fk1 foreign key (b) references t1 (b)
) engine ndb;
ERROR HY000: Cannot add foreign key constraint
show warnings;
Level	Code	Message
Warning	1215	Parent column t1.b is incompatible with child column t2.b in NDB
Error	1215	Cannot add foreign key constraint
create table t2 (
a int not null,
b char(10) not null,
primary key using hash (a),
key (b)
) engine ndb;
alter online table t2
add constraint fk1 foreign key (b) references t1 (b);
ERROR HY000: Cannot add foreign key constraint
show warnings;
Level	Code	Message
Warning	1287	'ONLINE' is deprecated and will be removed in a future release. Please use ALGORITHM=INPLACE instead
Warning	1215	Parent column t1.b is incompatible with child column t2.b in NDB
Error	150	Cannot add foreign key constraint
drop table t2, t1;
# test: parent table not exist
create table t2 (
a int not null,
b int not null,
primary key using hash (a),
key (b),
constraint fk1 foreign key (b) references t1 (b)
) engine ndb;
ERROR 42S02: Table 'test.t2' doesn't exist
show warnings;
Level	Code	Message
Error	1146	Table 'test.t2' doesn't exist
create table t2 (
a int not null,
b int not null,
primary key using hash (a),
key (b)
) engine ndb;
alter online table t2
add constraint fk1 foreign key (b) references t1 (b);
ERROR HY000: No such table: '(null)'
show warnings;
Level	Code	Message
Warning	1287	'ONLINE' is deprecated and will be removed in a future release. Please use ALGORITHM=INPLACE instead
Error	155	No such table: '(null)'
drop table t2;
# test: parent column not exist
create table t1 (
a int not null,
primary key using hash (a)
) engine ndb;
create table t2 (
a int not null,
b int not null,
primary key using hash (a),
key (b),
constraint fk1 foreign key (b) references t1 (b)
) engine ndb;
ERROR HY000: Cannot add foreign key constraint
show warnings;
Level	Code	Message
Warning	1215	Parent table t1 has no column b in NDB
Error	1215	Cannot add foreign key constraint
create table t2 (
a int not null,
b int not null,
primary key using hash (a),
key (b)
) engine ndb;
alter online table t2
add constraint fk1 foreign key (b) references t1 (b);
ERROR HY000: Cannot add foreign key constraint
show warnings;
Level	Code	Message
Warning	1287	'ONLINE' is deprecated and will be removed in a future release. Please use ALGORITHM=INPLACE instead
Warning	1215	Parent table t1 has no column b in NDB
Error	150	Cannot add foreign key constraint
drop table t2, t1;
# test: parent key no index
create table t1 (
a int not null,
b int not null,
primary key using hash (a)
) engine ndb;
create table t2 (
a int not null,
b int not null,
primary key using hash (a),
key (b),
constraint fk1 foreign key (b) references t1 (b)
) engine ndb;
ERROR HY000: Cannot add foreign key constraint
show warnings;
Level	Code	Message
Warning	1215	Parent table t1 foreign key columns match no index in NDB
Error	1215	Cannot add foreign key constraint
create table t2 (
a int not null,
b int not null,
primary key using hash (a),
key (b)
) engine ndb;
alter online table t2
add constraint fk1 foreign key (b) references t1 (b);
ERROR HY000: Cannot add foreign key constraint
show warnings;
Level	Code	Message
Warning	1287	'ONLINE' is deprecated and will be removed in a future release. Please use ALGORITHM=INPLACE instead
Warning	1215	Parent table t1 foreign key columns match no index in NDB
Error	150	Cannot add foreign key constraint
drop table t2, t1;
# test: parent key no unique index
create table t1 (
a int not null,
b int not null,
primary key using hash (a),
key (b)
) engine ndb;
create table t2 (
a int not null,
b int not null,
primary key using hash (a),
key (b),
constraint fk1 foreign key (b) references t1 (b)
) engine ndb;
ERROR HY000: Cannot add foreign key constraint
show warnings;
Level	Code	Message
Warning	1296	Got error 21026 'Create foreign key failed in NDB - parent index is not unique index' from NDB
Error	1215	Cannot add foreign key constraint
create table t2 (
a int not null,
b int not null,
primary key using hash (a),
key (b)
) engine ndb;
alter online table t2
add constraint fk1 foreign key (b) references t1 (b);
ERROR HY000: Cannot add foreign key constraint
show warnings;
Level	Code	Message
Warning	1287	'ONLINE' is deprecated and will be removed in a future release. Please use ALGORITHM=INPLACE instead
Warning	1296	Got error 21026 'Create foreign key failed in NDB - parent index is not unique index' from NDB
Error	150	Cannot add foreign key constraint
drop table t2, t1;
# test: child column not exist
create table t1 (
a int not null,
b int not null,
primary key using hash (a),
unique key using hash (b)
) engine ndb;
create table t2 (
a int not null,
b int not null,
primary key using hash (a),
key (b),
constraint fk1 foreign key (c) references t1 (b)
) engine ndb;
ERROR 42000: Key column 'c' doesn't exist in table
show warnings;
Level	Code	Message
Error	1072	Key column 'c' doesn't exist in table
create table t2 (
a int not null,
b int not null,
primary key using hash (a),
key (b)
) engine ndb;
alter online table t2
add constraint fk1 foreign key (c) references t1 (b);
ERROR 42000: Key column 'c' doesn't exist in table
show warnings;
Level	Code	Message
Warning	1287	'ONLINE' is deprecated and will be removed in a future release. Please use ALGORITHM=INPLACE instead
Error	1072	Key column 'c' doesn't exist in table
drop table t2, t1;
# test: child column no index
# no error - server creates KEY
create table t1 (
a int not null,
b int not null,
primary key using hash (a),
unique key using hash (b)
) engine ndb;
create table t2 (
a int not null,
b int not null,
primary key using hash (a),
constraint fk1 foreign key (b) references t1 (b)
) engine ndb;
drop table t2;
create table t2 (
a int not null,
b int not null,
primary key using hash (a)
) engine ndb;
alter online table t2
add constraint fk1 foreign key (b) references t1 (b);
Warnings:
Warning	1287	'ONLINE' is deprecated and will be removed in a future release. Please use ALGORITHM=INPLACE instead
drop table t2, t1;
# test: child vs parent column count
create table t1 (
a int not null,
b int not null,
c int not null,
primary key using hash (a),
unique key using hash (b, c)
) engine ndb;
create table t2 (
a int not null,
b int not null,
primary key using hash (a),
key (b),
constraint fk1 foreign key (b) references t1 (b)
) engine ndb;
ERROR HY000: Cannot add foreign key constraint
show warnings;
Level	Code	Message
Warning	1215	Parent table t1 foreign key columns match no index in NDB
Error	1215	Cannot add foreign key constraint
create table t2 (
a int not null,
b int not null,
primary key using hash (a),
key (b)
) engine ndb;
alter online table t2
add constraint fk1 foreign key (b) references t1 (b);
ERROR HY000: Cannot add foreign key constraint
show warnings;
Level	Code	Message
Warning	1287	'ONLINE' is deprecated and will be removed in a future release. Please use ALGORITHM=INPLACE instead
Warning	1215	Parent table t1 foreign key columns match no index in NDB
Error	150	Cannot add foreign key constraint
drop table t2, t1;
# bug#16246874
create table t1 (
id int primary key
) engine=ndb;
create table t2 (
id int,
foreign key(id) references t1(id)
) engine=ndb;
select * from information_schema.key_column_usage;
select REFERENCED_TABLE_SCHEMA, REFERENCED_TABLE_NAME, REFERENCED_COLUMN_NAME
from information_schema.key_column_usage
where TABLE_SCHEMA = 'test' and TABLE_NAME = 't2';
REFERENCED_TABLE_SCHEMA	REFERENCED_TABLE_NAME	REFERENCED_COLUMN_NAME
test	t1	id
drop table t2, t1;
# bug#16275509 - case: alter engine from ndb
create table t1 (
a int not null,
primary key using hash (a)
) engine=ndb;
create table t2 (
a int not null,
primary key using hash (a),
foreign key fk1 (a) references t1 (a)
) engine=ndb;
alter table t1 engine=innodb;
ERROR 23000: Cannot delete or update a parent row: a foreign key constraint fails
alter table t2 engine=innodb;
ERROR 23000: Cannot delete or update a parent row: a foreign key constraint fails
drop table t2, t1;
create table t1 (
a int primary key,
b int,
key (b),
foreign key fk1 (b) references t1 (a)
) engine=ndb;
alter table t1 engine=innodb;
ERROR 23000: Cannot delete or update a parent row: a foreign key constraint fails
drop table t1;
# bug#16275509 - case: allow FKs on partitioned
set new=on;
create table t1 (
a int primary key
) engine=ndb
partition by hash (a) partitions 5;
create table t2 (
a int primary key,
foreign key fk1 (a) references t1 (a)
) engine=ndb;
drop table t2, t1;
create table t1 (
a int primary key
) engine=ndb;
create table t2 (
a int primary key,
foreign key fk1 (a) references t1 (a)
) engine=ndb;
alter table t1
partition by hash (a) partitions 5;
drop table t2, t1;
create table t1 (
a int primary key
) engine=ndb;
create table t2 (
a int primary key,
foreign key fk1 (a) references t1 (a)
) engine=ndb
partition by hash (a) partitions 5;
drop table t2;
create table t2 (
a int primary key,
foreign key fk1 (a) references t1 (a)
) engine=ndb;
alter table t2
partition by hash (a) partitions 5;
drop table t2, t1;
# bug#16275684 - case: alter FK parent column
create table t1 (
a int primary key,
b int not null,
unique key (b)
) engine=ndb;
create table t2 (
a int primary key,
b int not null,
key (b),
foreign key fk1 (b) references t1 (b)
) engine=ndb;
insert into t1 values (1,10),(2,20);
insert into t2 values (1,10),(2,10),(3,20);
alter table t1 modify column b char(20) not null;
ERROR HY000: Cannot change column 'b': used in a foreign key constraint 'fk1' of table 'test.t2'
alter table t2 drop foreign key fk1;
alter table t1 modify column b char(20) not null;
show create table t1;
Table	Create Table
t1	CREATE TABLE `t1` (
  `a` int(11) NOT NULL,
  `b` char(20) NOT NULL,
  PRIMARY KEY (`a`),
  UNIQUE KEY `b` (`b`)
) ENGINE=ndbcluster DEFAULT CHARSET=latin1
select * from t1 order by a;
a	b
1	10
2	20
select * from t2 order by a;
a	b
1	10
2	10
3	20
drop table t2, t1;
# bug#16286164 - case: drop when referenced by different table
create table t1 (
a int not null,
primary key using hash (a)
) engine=ndb;
create table t2 (
a int not null,
b int,
primary key using hash (a),
key (b),
foreign key fk1 (b) references t1 (a)
) engine=ndb;
drop table t1;
ERROR 23000: Cannot delete or update a parent row: a foreign key constraint fails
drop table t2, t1;
# bug#16286164 - case: drop when referenced by same table
create table t1 (
a int not null,
b int,
primary key using hash (a),
key (b),
foreign key fk1 (b) references t1 (a)
) engine=ndb;
drop table t1;
