####################################
# SETUP
####################################
CREATE DATABASE statements_digest;
USE statements_digest;
CREATE TABLE t1(a int);
CREATE TABLE t2(a int);
CREATE TABLE t3(a int, b int);
CREATE TABLE t4(a int, b int);
CREATE TABLE t5(a int, b int, c int);
CREATE TABLE t6(a int, b int, c int, d int);
CREATE TABLE t11 (c CHAR(4));
CREATE TABLE t12 (c CHAR(4));
SELECT * FROM performance_schema.setup_consumers;
NAME	ENABLED
events_stages_current	YES
events_stages_history	YES
events_stages_history_long	YES
events_statements_current	NO
events_statements_history	YES
events_statements_history_long	YES
events_transactions_current	YES
events_transactions_history	YES
events_transactions_history_long	YES
events_waits_current	YES
events_waits_history	YES
events_waits_history_long	YES
global_instrumentation	YES
thread_instrumentation	YES
statements_digest	YES
TRUNCATE TABLE performance_schema.events_statements_summary_by_digest;
####################################
# EXECUTION
####################################
SELECT 1 FROM t1;
1
SELECT 1 FROM `t1`;
1
SELECT 1,2 FROM t1;
1	2
SELECT 1, 2, 3, 4 FROM t1;
1	2	3	4
SELECT 1 FROM t2;
1
SELECT 1,2 FROM t2;
1	2
SELECT 1, 2, 3, 4 FROM t2;
1	2	3	4
INSERT INTO t1 VALUES (1);
INSERT INTO t2 VALUES (1);
INSERT INTO t3 VALUES (1, 2);
INSERT INTO t4 VALUES (1, 2);
INSERT INTO t5 VALUES (1, 2, 3);
INSERT INTO t1 VALUES (1), (2), (3);
INSERT INTO t1 VALUES (1), (2), (3), (4);
INSERT INTO t3 VALUES (1, 2), (3, 4), (5, 6);
INSERT INTO t5 VALUES (1, 2, 3), (4, 5, 6), (7, 8, 9);
INSERT INTO t1 VALUES (NULL);
INSERT INTO t3 VALUES (NULL,NULL);
INSERT INTO t3 VALUES (1,NULL);
INSERT INTO t3 VALUES (NULL,1);
INSERT INTO t6 VALUES (NULL, NULL, NULL, NULL);
INSERT INTO t6 VALUES (1, NULL, NULL, NULL);
INSERT INTO t6 VALUES (NULL, 2, NULL, NULL);
INSERT INTO t6 VALUES (1, 2, 3, NULL);
INSERT INTO t6 VALUES (1, 2, NULL, 4);
SELECT                                          1           +        1;
1           +        1
2
SELECT 1;
1
1
SELECT 1 /* This is an inline comment */ + 1;
1 /* This is an inline comment */ + 1
2
SELECT 1+
/*
this is a
multiple-line comment
*/
1;
1+
/*
this is a
multiple-line comment
*/
1
2
CREATE SCHEMA statements_digest_temp;
DROP SCHEMA statements_digest_temp;
CREATE DATABASE statements_digest_temp;
DROP DATABASE statements_digest_temp;
SELECT 1 FROM no_such_table;
ERROR 42S02: Table 'statements_digest.no_such_table' doesn't exist
CREATE TABLE dup_table (c char(4));
CREATE TABLE dup_table (c char(4));
ERROR 42S01: Table 'dup_table' already exists
DROP TABLE dup_table;
INSERT INTO t11 VALUES("MySQL");
Warnings:
Warning	1265	Data truncated for column 'c' at row 1
PREPARE stmt FROM "SELECT * FROM t12";
EXECUTE stmt;
c
EXECUTE stmt;
c
DEALLOCATE PREPARE stmt;
CREATE PROCEDURE p1() BEGIN SELECT * FROM t12; END//
CALL p1();
c
CALL p1();
c
DROP PROCEDURE p1;
CREATE FUNCTION `func`(a INT, b INT) RETURNS int(11) RETURN a+b //
select func(3,4);
func(3,4)
7
select func(13,42);
func(13,42)
55
DROP FUNCTION func;
CREATE TRIGGER trg BEFORE INSERT ON t12 FOR EACH ROW SET @a:=1;
INSERT INTO t12 VALUES ("abc");
INSERT INTO t12 VALUES ("def");
DROP TRIGGER trg;
####################################
# QUERYING PS STATEMENT DIGEST
####################################
SELECT schema_name, digest, digest_text, count_star FROM performance_schema.events_statements_summary_by_digest;
schema_name	digest	digest_text	count_star
statements_digest	eed7e04cbba55015979c7e0144720d20	TRUNCATE TABLE performance_schema . events_statements_summary_by_digest 	1
statements_digest	36c0a05795ec266b59ea556d085a7ef0	SELECT ? FROM t1 	1
statements_digest	90c04aa615a9529b2663b22d79aef48f	SELECT ? FROM `t1` 	1
statements_digest	578603d89f7b1de4dd487608f25e9d9d	SELECT ?, ... FROM t1 	2
statements_digest	5b1a211fcdb435ac2d929e2b679e1386	SELECT ? FROM t2 	1
statements_digest	ab4a3beee0ea4cf3c996dc6c19986438	SELECT ?, ... FROM t2 	2
statements_digest	c34a0af05d1cb43406957ebc4c7cc5ca	INSERT INTO t1 VALUES (?) 	1
statements_digest	201d376a6abfa34c54f51f94c157745c	INSERT INTO t2 VALUES (?) 	1
statements_digest	883cf87045185a95310aebe9e709b9a7	INSERT INTO t3 VALUES (...) 	4
statements_digest	c6da74ecbdd6434ab77f17b39f0f408f	INSERT INTO t4 VALUES (...) 	1
statements_digest	06c5a2e2742b5e64d2c831229c76704f	INSERT INTO t5 VALUES (...) 	1
statements_digest	d5bfbc88ccea98ca115787e07676c76c	INSERT INTO t1 VALUES (?) /* , ... */ 	2
statements_digest	dafeb6e14612ae1a357c485ffa8cb566	INSERT INTO t3 VALUES (...) /* , ... */ 	1
statements_digest	1b8d58dbc75b9fb1a3e2e26f79f2f77e	INSERT INTO t5 VALUES (...) /* , ... */ 	1
statements_digest	cf8f95bbaa8b2ba154ae779c983e5d37	INSERT INTO t1 VALUES ( NULL ) 	1
statements_digest	2c38aebfaf46685e27831bb3dd3257a7	INSERT INTO t6 VALUES (...) 	5
statements_digest	2c4814650f062ae9639fd832f4509a1d	SELECT ? + ? 	3
statements_digest	2f88971aeb39c46ebd99b84ba3e7fea6	SELECT ? 	1
statements_digest	918970552d725ac63aa6110b10d9e016	CREATE SCHEMA statements_digest_temp 	2
statements_digest	fd673eff746778302416b6dcc29ed9fa	DROP SCHEMA statements_digest_temp 	2
statements_digest	b556689fce37f472b00f5dac71fc45e2	SELECT ? FROM no_such_table 	1
statements_digest	3738a9c50683287a723ae4d0bcdaa44f	CREATE TABLE dup_table ( c CHARACTER (?) ) 	2
statements_digest	c28c8c445b70aceb0cd0c7326402a026	DROP TABLE dup_table 	1
statements_digest	e39bc75c1d0ce054b3e13cbf4656eaec	INSERT INTO t11 VALUES (?) 	1
statements_digest	d28f5e7a8b7c9ed4ab9e4ab3fcec7fd8	SHOW WARNINGS 	1
statements_digest	ca3c363181eb4e14b553ea67c7e3ffe7	PREPARE stmt FROM ? 	1
statements_digest	6b343ebf720214f641d3955a6fbf520f	EXECUTE stmt 	2
statements_digest	c8308af88ea2a3bb1b488499156d8999	DEALLOCATE PREPARE stmt 	1
statements_digest	c58e428c96fe77026d9f59fdde6f0de3	CREATE PROCEDURE p1 ( ) BEGIN SELECT * FROM t12 ; END 	1
statements_digest	41aeaff9006e79233b372bc3f25ec796	CALL p1 ( ) 	2
statements_digest	0c90c632580c8caf6869aa08dcf46beb	DROP PROCEDURE p1 	1
statements_digest	2bc9d4270395eb52db64a63f1e06f02c	CREATE FUNCTION `func` ( a INTEGER , b INTEGER ) RETURNS INTEGER (?) RETURN a + b 	1
statements_digest	9b2747bdb14d774ec76c7fdfed216ba6	SELECT func (...) 	2
statements_digest	4b86074b9884872fa2f2796a16bdff0a	DROP FUNCTION func 	1
statements_digest	23dc27f5edc1dcfe2ba248ef871f189f	CREATE TRIGGER trg BEFORE INSERT ON t12 FOR EACH ROW SET @? := ? 	1
statements_digest	6ac16b122bf7bde026bb516b7009bcfc	INSERT INTO t12 VALUES (?) 	2
statements_digest	cc7ff3bd3e5e7c6836cbb89b7c9eec48	DROP TRIGGER trg 	1
SELECT digest, digest_text FROM performance_schema.events_statements_current;
digest	digest_text
####################################
# CLEANUP
####################################
DROP TABLE IF EXISTS t1;
DROP TABLE IF EXISTS t2;
DROP TABLE IF EXISTS t3;
DROP TABLE IF EXISTS t4;
DROP TABLE IF EXISTS t5;
DROP TABLE IF EXISTS t6;
DROP TABLE IF EXISTS t11;
DROP TABLE IF EXISTS t12;
DROP DATABASE IF EXISTS statements_digest;
