####################################
# SETUP
####################################
CREATE DATABASE statements_digest;
USE statements_digest;
CREATE TABLE t1(a int);
CREATE TABLE t2(a int);
CREATE TABLE t3(a int, b int);
CREATE TABLE t4(a int, b int);
CREATE TABLE t5(a int, b int, c int);
CREATE TABLE t6(a int, b int, c int, d int);
CREATE TABLE t11 (c CHAR(4));
CREATE TABLE t12 (c CHAR(4));
SELECT * FROM performance_schema.setup_consumers;
NAME	ENABLED
events_stages_current	YES
events_stages_history	YES
events_stages_history_long	YES
events_statements_current	NO
events_statements_history	YES
events_statements_history_long	YES
events_transactions_current	YES
events_transactions_history	YES
events_transactions_history_long	YES
events_waits_current	YES
events_waits_history	YES
events_waits_history_long	YES
global_instrumentation	YES
thread_instrumentation	YES
statements_digest	YES
TRUNCATE TABLE performance_schema.events_statements_summary_by_digest;
####################################
# EXECUTION
####################################
SELECT 1 FROM t1;
1
SELECT 1 FROM `t1`;
1
SELECT 1,2 FROM t1;
1	2
SELECT 1, 2, 3, 4 FROM t1;
1	2	3	4
SELECT 1 FROM t2;
1
SELECT 1,2 FROM t2;
1	2
SELECT 1, 2, 3, 4 FROM t2;
1	2	3	4
INSERT INTO t1 VALUES (1);
INSERT INTO t2 VALUES (1);
INSERT INTO t3 VALUES (1, 2);
INSERT INTO t4 VALUES (1, 2);
INSERT INTO t5 VALUES (1, 2, 3);
INSERT INTO t1 VALUES (1), (2), (3);
INSERT INTO t1 VALUES (1), (2), (3), (4);
INSERT INTO t3 VALUES (1, 2), (3, 4), (5, 6);
INSERT INTO t5 VALUES (1, 2, 3), (4, 5, 6), (7, 8, 9);
INSERT INTO t1 VALUES (NULL);
INSERT INTO t3 VALUES (NULL,NULL);
INSERT INTO t3 VALUES (1,NULL);
INSERT INTO t3 VALUES (NULL,1);
INSERT INTO t6 VALUES (NULL, NULL, NULL, NULL);
INSERT INTO t6 VALUES (1, NULL, NULL, NULL);
INSERT INTO t6 VALUES (NULL, 2, NULL, NULL);
INSERT INTO t6 VALUES (1, 2, 3, NULL);
INSERT INTO t6 VALUES (1, 2, NULL, 4);
SELECT                                          1           +        1;
1           +        1
2
SELECT 1;
1
1
SELECT 1 /* This is an inline comment */ + 1;
1 /* This is an inline comment */ + 1
2
SELECT 1+
/*
this is a
multiple-line comment
*/
1;
1+
/*
this is a
multiple-line comment
*/
1
2
CREATE SCHEMA statements_digest_temp;
DROP SCHEMA statements_digest_temp;
CREATE DATABASE statements_digest_temp;
DROP DATABASE statements_digest_temp;
SELECT 1 FROM no_such_table;
ERROR 42S02: Table 'statements_digest.no_such_table' doesn't exist
CREATE TABLE dup_table (c char(4));
CREATE TABLE dup_table (c char(4));
ERROR 42S01: Table 'dup_table' already exists
DROP TABLE dup_table;
INSERT INTO t11 VALUES("MySQL");
Warnings:
Warning	1265	Data truncated for column 'c' at row 1
PREPARE stmt FROM "SELECT * FROM t12";
EXECUTE stmt;
c
EXECUTE stmt;
c
DEALLOCATE PREPARE stmt;
CREATE PROCEDURE p1() BEGIN SELECT * FROM t12; END//
CALL p1();
c
CALL p1();
c
DROP PROCEDURE p1;
CREATE FUNCTION `func`(a INT, b INT) RETURNS int(11) RETURN a+b //
select func(3,4);
func(3,4)
7
select func(13,42);
func(13,42)
55
DROP FUNCTION func;
CREATE TRIGGER trg BEFORE INSERT ON t12 FOR EACH ROW SET @a:=1;
INSERT INTO t12 VALUES ("abc");
INSERT INTO t12 VALUES ("def");
DROP TRIGGER trg;
####################################
# QUERYING PS STATEMENT DIGEST
####################################
SELECT schema_name, digest, digest_text, count_star FROM performance_schema.events_statements_summary_by_digest;
schema_name	digest	digest_text	count_star
statements_digest	266af41fd0238c8b4d4b13863ef034e0	TRUNCATE TABLE performance_schema . events_statements_summary_by_digest 	1
statements_digest	ab9b997adcdc1fdff1f08b05f3e78d64	SELECT ? FROM t1 	1
statements_digest	659c1a2fa930d8633bcd0d9e7f42db72	SELECT ? FROM `t1` 	1
statements_digest	29e04669e400d186ed137083a7c9f1a2	SELECT ?, ... FROM t1 	2
statements_digest	28680316567b5f794fdd6fed90ded6db	SELECT ? FROM t2 	1
statements_digest	b97fcad214674dbbd71ee545279aab72	SELECT ?, ... FROM t2 	2
statements_digest	576a538f91c325f0fe4ae46676daf4a8	INSERT INTO t1 VALUES (?) 	1
statements_digest	c269c1697f6f035db48fb9a66730579a	INSERT INTO t2 VALUES (?) 	1
statements_digest	2e694a7b907f26a3e568bfe4ceed48cb	INSERT INTO t3 VALUES (...) 	4
statements_digest	8fa7ebe27a8f7f3425b1fc37fc338a91	INSERT INTO t4 VALUES (...) 	1
statements_digest	427bd829b81e3b33a47fcfbe585af953	INSERT INTO t5 VALUES (...) 	1
statements_digest	4cb82f113e82354979263104d0add278	INSERT INTO t1 VALUES (?) /* , ... */ 	2
statements_digest	70b5172e3d5a8811a239296818a2a421	INSERT INTO t3 VALUES (...) /* , ... */ 	1
statements_digest	239058aed616f704e0e8d120ccc18cf7	INSERT INTO t5 VALUES (...) /* , ... */ 	1
statements_digest	ce0c868b9e67d7482aaa433f23318a49	INSERT INTO t1 VALUES ( NULL ) 	1
statements_digest	1904f884ec9e4de4d40d1276e096cefb	INSERT INTO t6 VALUES (...) 	5
statements_digest	0d8e0f1b03613641b6b0f1ed4a19bfd4	SELECT ? + ? 	3
statements_digest	87abcc3f5934fa94145f825f7158e991	SELECT ? 	1
statements_digest	918970552d725ac63aa6110b10d9e016	CREATE SCHEMA statements_digest_temp 	2
statements_digest	fd673eff746778302416b6dcc29ed9fa	DROP SCHEMA statements_digest_temp 	2
statements_digest	f882ae45fbfdff9f471cf3ddb909f02f	SELECT ? FROM no_such_table 	1
statements_digest	66b9f8becb7a5ee9bdd1b43a4115017b	CREATE TABLE dup_table ( c CHARACTER (?) ) 	2
statements_digest	f28808d1c05e70f8f814db8defcf59d7	DROP TABLE dup_table 	1
statements_digest	eb55ed791bdca60d5f48cf0ad01bfc0b	INSERT INTO t11 VALUES (?) 	1
statements_digest	e989a9389b9a2591175fbcf6407d6e48	SHOW WARNINGS 	1
statements_digest	9ad701d0cebe2e66373d930f414579de	PREPARE stmt FROM ? 	1
statements_digest	6b343ebf720214f641d3955a6fbf520f	EXECUTE stmt 	2
statements_digest	17f16b8d955da8791816f9b87815bafe	DEALLOCATE PREPARE stmt 	1
statements_digest	771d23244445b148de0c3caab2b5ff8e	CREATE PROCEDURE p1 ( ) BEGIN SELECT * FROM t12 ; END 	1
statements_digest	41aeaff9006e79233b372bc3f25ec796	CALL p1 ( ) 	2
statements_digest	287492947e4dae0ed1450825cb5cc424	DROP PROCEDURE p1 	1
statements_digest	8b78cf26ee5e31851d3616f368c59b41	CREATE FUNCTION `func` ( a INTEGER , b INTEGER ) RETURNS INTEGER (?) RETURN a + b 	1
statements_digest	aa8394b72b1cf40f5337bb015d03c5c3	SELECT func (...) 	2
statements_digest	4b86074b9884872fa2f2796a16bdff0a	DROP FUNCTION func 	1
statements_digest	4bc207a4d9b8a1e7a5c7745b2f718fdd	CREATE TRIGGER trg BEFORE INSERT ON t12 FOR EACH ROW SET @ ? := ? 	1
statements_digest	b4c3798b3c6dda74e48857bf75f474a6	INSERT INTO t12 VALUES (?) 	2
statements_digest	5d52bb7b0153a47aadce7d1d6a84f48a	DROP TRIGGER trg 	1
SELECT digest, digest_text FROM performance_schema.events_statements_current;
digest	digest_text
####################################
# CLEANUP
####################################
DROP TABLE IF EXISTS t1;
DROP TABLE IF EXISTS t2;
DROP TABLE IF EXISTS t3;
DROP TABLE IF EXISTS t4;
DROP TABLE IF EXISTS t5;
DROP TABLE IF EXISTS t6;
DROP TABLE IF EXISTS t11;
DROP TABLE IF EXISTS t12;
DROP DATABASE IF EXISTS statements_digest;
