####################################
# SETUP
####################################
CREATE DATABASE statements_digest;
USE statements_digest;
CREATE TABLE t1(a int);
CREATE TABLE t2(a int);
CREATE TABLE t3(a int, b int);
CREATE TABLE t4(a int, b int);
CREATE TABLE t5(a int, b int, c int);
CREATE TABLE t6(a int, b int, c int, d int);
CREATE TABLE t11 (c CHAR(4));
CREATE TABLE t12 (c CHAR(4));
SELECT * FROM performance_schema.setup_consumers;
NAME	ENABLED
events_stages_current	YES
events_stages_history	YES
events_stages_history_long	YES
events_statements_current	NO
events_statements_history	YES
events_statements_history_long	YES
events_transactions_current	YES
events_transactions_history	YES
events_transactions_history_long	YES
events_waits_current	YES
events_waits_history	YES
events_waits_history_long	YES
global_instrumentation	YES
thread_instrumentation	YES
statements_digest	YES
TRUNCATE TABLE performance_schema.events_statements_summary_by_digest;
####################################
# EXECUTION
####################################
SELECT 1 FROM t1;
1
SELECT 1 FROM `t1`;
1
SELECT 1,2 FROM t1;
1	2
SELECT 1, 2, 3, 4 FROM t1;
1	2	3	4
SELECT 1 FROM t2;
1
SELECT 1,2 FROM t2;
1	2
SELECT 1, 2, 3, 4 FROM t2;
1	2	3	4
INSERT INTO t1 VALUES (1);
INSERT INTO t2 VALUES (1);
INSERT INTO t3 VALUES (1, 2);
INSERT INTO t4 VALUES (1, 2);
INSERT INTO t5 VALUES (1, 2, 3);
INSERT INTO t1 VALUES (1), (2), (3);
INSERT INTO t1 VALUES (1), (2), (3), (4);
INSERT INTO t3 VALUES (1, 2), (3, 4), (5, 6);
INSERT INTO t5 VALUES (1, 2, 3), (4, 5, 6), (7, 8, 9);
INSERT INTO t1 VALUES (NULL);
INSERT INTO t3 VALUES (NULL,NULL);
INSERT INTO t3 VALUES (1,NULL);
INSERT INTO t3 VALUES (NULL,1);
INSERT INTO t6 VALUES (NULL, NULL, NULL, NULL);
INSERT INTO t6 VALUES (1, NULL, NULL, NULL);
INSERT INTO t6 VALUES (NULL, 2, NULL, NULL);
INSERT INTO t6 VALUES (1, 2, 3, NULL);
INSERT INTO t6 VALUES (1, 2, NULL, 4);
SELECT                                          1           +        1;
1           +        1
2
SELECT 1;
1
1
SELECT 1 /* This is an inline comment */ + 1;
1 /* This is an inline comment */ + 1
2
SELECT 1+
/*
this is a
multiple-line comment
*/
1;
1+
/*
this is a
multiple-line comment
*/
1
2
CREATE SCHEMA statements_digest_temp;
DROP SCHEMA statements_digest_temp;
CREATE DATABASE statements_digest_temp;
DROP DATABASE statements_digest_temp;
SELECT 1 FROM no_such_table;
ERROR 42S02: Table 'statements_digest.no_such_table' doesn't exist
CREATE TABLE dup_table (c char(4));
CREATE TABLE dup_table (c char(4));
ERROR 42S01: Table 'dup_table' already exists
DROP TABLE dup_table;
INSERT INTO t11 VALUES("MySQL");
Warnings:
Warning	1265	Data truncated for column 'c' at row 1
PREPARE stmt FROM "SELECT * FROM t12";
EXECUTE stmt;
c
EXECUTE stmt;
c
DEALLOCATE PREPARE stmt;
CREATE PROCEDURE p1() BEGIN SELECT * FROM t12; END//
CALL p1();
c
CALL p1();
c
DROP PROCEDURE p1;
CREATE FUNCTION `func`(a INT, b INT) RETURNS int(11) RETURN a+b //
select func(3,4);
func(3,4)
7
select func(13,42);
func(13,42)
55
DROP FUNCTION func;
CREATE TRIGGER trg BEFORE INSERT ON t12 FOR EACH ROW SET @a:=1;
INSERT INTO t12 VALUES ("abc");
INSERT INTO t12 VALUES ("def");
DROP TRIGGER trg;
####################################
# QUERYING PS STATEMENT DIGEST
####################################
SELECT schema_name, digest, digest_text, count_star FROM performance_schema.events_statements_summary_by_digest;
schema_name	digest	digest_text	count_star
statements_digest	266af41fd0238c8b4d4b13863ef034e0	TRUNCATE TABLE performance_schema . events_statements_summary_by_digest 	1
statements_digest	fdb07374561b5b0c3a687bd1d3a1abe1	SELECT ? FROM t1 	1
statements_digest	5783970bb001c0c964097361e4342b76	SELECT ? FROM `t1` 	1
statements_digest	054f5f60698733efdc6cb574b31c0e94	SELECT ?, ... FROM t1 	2
statements_digest	92d70e78a958f526bffa0e1ff302526e	SELECT ? FROM t2 	1
statements_digest	db10623ff66e654736d1f1393d01b70d	SELECT ?, ... FROM t2 	2
statements_digest	d5bfbc88ccea98ca115787e07676c76c	INSERT INTO t1 VALUES (?) 	1
statements_digest	1c0a4789189d14bd73bdd4450acf4071	INSERT INTO t2 VALUES (?) 	1
statements_digest	dafeb6e14612ae1a357c485ffa8cb566	INSERT INTO t3 VALUES (...) 	4
statements_digest	3c19c1d05159550967d09d93f679e46c	INSERT INTO t4 VALUES (...) 	1
statements_digest	1b8d58dbc75b9fb1a3e2e26f79f2f77e	INSERT INTO t5 VALUES (...) 	1
statements_digest	f4c1b293ab109e364fc6459f967de18c	INSERT INTO t1 VALUES (?) /* , ... */ 	2
statements_digest	7981da6494e3dc521b2de83be0888dbf	INSERT INTO t3 VALUES (...) /* , ... */ 	1
statements_digest	3c5dd8c73628f0f22ffa87fd3cde4eea	INSERT INTO t5 VALUES (...) /* , ... */ 	1
statements_digest	cf8f95bbaa8b2ba154ae779c983e5d37	INSERT INTO t1 VALUES ( NULL ) 	1
statements_digest	d9631474017674aceff80dec40aaab7d	INSERT INTO t6 VALUES (...) 	5
statements_digest	c3416fa7821402bc4f1643d9ae142b1a	SELECT ? + ? 	3
statements_digest	13353bc3d0e5235cf8232f01f2570698	SELECT ? 	1
statements_digest	918970552d725ac63aa6110b10d9e016	CREATE SCHEMA statements_digest_temp 	2
statements_digest	fd673eff746778302416b6dcc29ed9fa	DROP SCHEMA statements_digest_temp 	2
statements_digest	4bd233d313b87d0d1e89e3909904587b	SELECT ? FROM no_such_table 	1
statements_digest	8391373c0813d355c73cb0ac57eb1c16	CREATE TABLE dup_table ( c CHARACTER (?) ) 	2
statements_digest	f28808d1c05e70f8f814db8defcf59d7	DROP TABLE dup_table 	1
statements_digest	28516a3e9b87538ccd1e4aa06e808f09	INSERT INTO t11 VALUES (?) 	1
statements_digest	2cc21601986a2c05b014584e94b62f11	SHOW WARNINGS 	1
statements_digest	e9aed8743cdb82809222622d9d556404	PREPARE stmt FROM ? 	1
statements_digest	6b343ebf720214f641d3955a6fbf520f	EXECUTE stmt 	2
statements_digest	17f16b8d955da8791816f9b87815bafe	DEALLOCATE PREPARE stmt 	1
statements_digest	771d23244445b148de0c3caab2b5ff8e	CREATE PROCEDURE p1 ( ) BEGIN SELECT * FROM t12 ; END 	1
statements_digest	41aeaff9006e79233b372bc3f25ec796	CALL p1 ( ) 	2
statements_digest	287492947e4dae0ed1450825cb5cc424	DROP PROCEDURE p1 	1
statements_digest	7c8bc784180a7ccc79e5e19ef41fe573	CREATE FUNCTION `func` ( a INTEGER , b INTEGER ) RETURNS INTEGER (?) RETURN a + b 	1
statements_digest	ebd884c21bb04e66e9ab0c2bce54ebab	SELECT func (...) 	2
statements_digest	4b86074b9884872fa2f2796a16bdff0a	DROP FUNCTION func 	1
statements_digest	771f11d27c1f9ae4bc2ec3159633d594	CREATE TRIGGER trg BEFORE INSERT ON t12 FOR EACH ROW SET @? := ? 	1
statements_digest	28f991597a8bfa79451e7ee619b7e817	INSERT INTO t12 VALUES (?) 	2
statements_digest	5d52bb7b0153a47aadce7d1d6a84f48a	DROP TRIGGER trg 	1
SELECT digest, digest_text FROM performance_schema.events_statements_current;
digest	digest_text
####################################
# CLEANUP
####################################
DROP TABLE IF EXISTS t1;
DROP TABLE IF EXISTS t2;
DROP TABLE IF EXISTS t3;
DROP TABLE IF EXISTS t4;
DROP TABLE IF EXISTS t5;
DROP TABLE IF EXISTS t6;
DROP TABLE IF EXISTS t11;
DROP TABLE IF EXISTS t12;
DROP DATABASE IF EXISTS statements_digest;
