####################################
# SETUP
####################################
CREATE DATABASE statements_digest;
USE statements_digest;
CREATE TABLE t1(a int);
CREATE TABLE t2(a int);
CREATE TABLE t3(a int, b int);
CREATE TABLE t4(a int, b int);
CREATE TABLE t5(a int, b int, c int);
CREATE TABLE t6(a int, b int, c int, d int);
CREATE TABLE t11 (c CHAR(4));
CREATE TABLE t12 (c CHAR(4));
TRUNCATE TABLE performance_schema.events_statements_summary_by_digest;
####################################
# EXECUTION
####################################
SELECT 1 FROM t1;
1
SELECT 1 FROM `t1`;
1
SELECT 1,2 FROM t1;
1	2
SELECT 1, 2, 3, 4 FROM t1;
1	2	3	4
SELECT 1 FROM t2;
1
SELECT 1,2 FROM t2;
1	2
SELECT 1, 2, 3, 4 FROM t2;
1	2	3	4
INSERT INTO t1 VALUES (1);
INSERT INTO t2 VALUES (1);
INSERT INTO t3 VALUES (1, 2);
INSERT INTO t4 VALUES (1, 2);
INSERT INTO t5 VALUES (1, 2, 3);
INSERT INTO t1 VALUES (1), (2), (3);
INSERT INTO t1 VALUES (1), (2), (3), (4);
INSERT INTO t3 VALUES (1, 2), (3, 4), (5, 6);
INSERT INTO t5 VALUES (1, 2, 3), (4, 5, 6), (7, 8, 9);
INSERT INTO t1 VALUES (NULL);
INSERT INTO t3 VALUES (NULL,NULL);
INSERT INTO t3 VALUES (1,NULL);
INSERT INTO t3 VALUES (NULL,1);
INSERT INTO t6 VALUES (NULL, NULL, NULL, NULL);
INSERT INTO t6 VALUES (1, NULL, NULL, NULL);
INSERT INTO t6 VALUES (NULL, 2, NULL, NULL);
INSERT INTO t6 VALUES (1, 2, 3, NULL);
INSERT INTO t6 VALUES (1, 2, NULL, 4);
SELECT                                          1           +        1;
1           +        1
2
SELECT 1;
1
1
SELECT 1 /* This is an inline comment */ + 1;
1 /* This is an inline comment */ + 1
2
SELECT 1+
/*
this is a
multiple-line comment
*/
1;
1+
/*
this is a
multiple-line comment
*/
1
2
CREATE SCHEMA statements_digest_temp;
DROP SCHEMA statements_digest_temp;
CREATE DATABASE statements_digest_temp;
DROP DATABASE statements_digest_temp;
SELECT 1 FROM no_such_table;
ERROR 42S02: Table 'statements_digest.no_such_table' doesn't exist
CREATE TABLE dup_table (c char(4));
CREATE TABLE dup_table (c char(4));
ERROR 42S01: Table 'dup_table' already exists
DROP TABLE dup_table;
INSERT INTO t11 VALUES("MySQL");
Warnings:
Warning	1265	Data truncated for column 'c' at row 1
PREPARE stmt FROM "SELECT * FROM t12";
EXECUTE stmt;
c
EXECUTE stmt;
c
DEALLOCATE PREPARE stmt;
CREATE PROCEDURE p1() BEGIN SELECT * FROM t12; END//
CALL p1();
c
CALL p1();
c
DROP PROCEDURE p1;
CREATE FUNCTION `func`(a INT, b INT) RETURNS int(11) RETURN a+b //
select func(3,4);
func(3,4)
7
select func(13,42);
func(13,42)
55
DROP FUNCTION func;
CREATE TRIGGER trg BEFORE INSERT ON t12 FOR EACH ROW SET @a:=1;
INSERT INTO t12 VALUES ("abc");
INSERT INTO t12 VALUES ("def");
DROP TRIGGER trg;
####################################
# QUERYING PS STATEMENT DIGEST
####################################
SELECT SCHEMA_NAME, DIGEST, DIGEST_TEXT, COUNT_STAR, SUM_ROWS_AFFECTED, SUM_WARNINGS,
SUM_ERRORS FROM performance_schema.events_statements_summary_by_digest;
SCHEMA_NAME	DIGEST	DIGEST_TEXT	COUNT_STAR	SUM_ROWS_AFFECTED	SUM_WARNINGS	SUM_ERRORS
statements_digest	bff9429ad9c43d4f4584ef9b3d6c7669	TRUNCATE TABLE performance_schema . events_statements_summary_by_digest 	1	0	0	0
statements_digest	12a5017c00360574a8cc323586e7c967	SELECT ? FROM t1 	1	0	0	0
statements_digest	2d32fd795002f97e24420d0dd79f7365	SELECT ? FROM `t1` 	1	0	0	0
statements_digest	a272b06f835fc7f2fd3ca082f48ddbbb	SELECT ?, ... FROM t1 	2	0	0	0
statements_digest	11d0c058245783f2e2d7505ce7758acf	SELECT ? FROM t2 	1	0	0	0
statements_digest	d85e71607b9d6cea8a25e00294ddcbed	SELECT ?, ... FROM t2 	2	0	0	0
statements_digest	ec89dd3f96f15ae87cdacfc776e8707e	INSERT INTO t1 VALUES (?) 	1	1	0	0
statements_digest	2d04d8e077b6fbe1f7ebde891ca5a98c	INSERT INTO t2 VALUES (?) 	1	1	0	0
statements_digest	9307f4dc9ab57eef38dd36cc97c4ad62	INSERT INTO t3 VALUES (...) 	4	4	0	0
statements_digest	a8349fe71855b1ec24ddf3fff87e4c7c	INSERT INTO t4 VALUES (...) 	1	1	0	0
statements_digest	7dfa23a40bdbd4e02f8729024ed61f55	INSERT INTO t5 VALUES (...) 	1	1	0	0
statements_digest	32d03f6b55e80f96ed8ed39d7cdacc6b	INSERT INTO t1 VALUES (?) /* , ... */ 	2	7	0	0
statements_digest	d83cd07dd4d4990c1931a39e91a0a27d	INSERT INTO t3 VALUES (...) /* , ... */ 	1	3	0	0
statements_digest	b06aa30d214cd146d2300b60129c1bc4	INSERT INTO t5 VALUES (...) /* , ... */ 	1	3	0	0
statements_digest	e7bf7a1a4d96e60ea2075fc9eb81942b	INSERT INTO t1 VALUES ( NULL ) 	1	1	0	0
statements_digest	214f6c585e6ca50cf1f7c5bf69f9f3f2	INSERT INTO t6 VALUES (...) 	5	5	0	0
statements_digest	6aedbef569455c8fca78368fc01b627a	SELECT ? + ? 	3	0	0	0
statements_digest	f08653d97e43f617d23e407254066214	SELECT ? 	1	0	0	0
statements_digest	918970552d725ac63aa6110b10d9e016	CREATE SCHEMA statements_digest_temp 	2	2	0	0
statements_digest	fd673eff746778302416b6dcc29ed9fa	DROP SCHEMA statements_digest_temp 	2	0	0	0
statements_digest	90623a19b5e975926b04a5451d45dccd	SELECT ? FROM no_such_table 	1	0	0	1
statements_digest	b78176c52af487a6fc6b48cafe81c3de	CREATE TABLE dup_table ( c CHARACTER (?) ) 	2	0	0	1
statements_digest	84438cf8476df72f16e1f9b1bfa3242e	DROP TABLE dup_table 	1	0	0	0
statements_digest	ac80534fc3758c560a6afa7ea55833a0	INSERT INTO t11 VALUES (?) 	1	1	1	0
statements_digest	ffcbe8c8e21cbd3a43bc2cd4d00b944c	SHOW WARNINGS 	1	0	0	0
statements_digest	b5d8ba1cd2ddb8a2435d69bc09575963	PREPARE stmt FROM ? 	1	0	0	0
statements_digest	6b343ebf720214f641d3955a6fbf520f	EXECUTE stmt 	2	0	0	0
statements_digest	7f420fda94b71e2dbd8a202d779ed2ea	DEALLOCATE PREPARE stmt 	1	0	0	0
statements_digest	0531dd41e6e47f08ca757bade44997c8	CREATE PROCEDURE p1 ( ) BEGIN SELECT * FROM t12 ; END 	1	0	0	0
statements_digest	41aeaff9006e79233b372bc3f25ec796	CALL p1 ( ) 	2	0	0	0
statements_digest	cc1cc794e64b072502d6251cf5544951	DROP PROCEDURE p1 	1	0	0	0
statements_digest	b5289ab63c020a42a738bbfd7fc5bb9f	CREATE FUNCTION `func` ( a INTEGER , b INTEGER ) RETURNS INTEGER (?) RETURN a + b 	1	0	0	0
statements_digest	e0cec057c4d6ba67e4db91d597a20704	SELECT func (...) 	2	0	0	0
statements_digest	4b86074b9884872fa2f2796a16bdff0a	DROP FUNCTION func 	1	0	0	0
statements_digest	0b490fb214496cf7053faffe9b6c87fc	CREATE TRIGGER trg BEFORE INSERT ON t12 FOR EACH ROW SET @ ? := ? 	1	0	0	0
statements_digest	7b092a8154ed0a5cd0593ff2bad93d09	INSERT INTO t12 VALUES (?) 	2	2	0	0
statements_digest	f917b0a7d88f5c6cbd08b20d9b681688	DROP TRIGGER trg 	1	0	0	0
####################################
# CLEANUP
####################################
DROP TABLE IF EXISTS t1;
DROP TABLE IF EXISTS t2;
DROP TABLE IF EXISTS t3;
DROP TABLE IF EXISTS t4;
DROP TABLE IF EXISTS t5;
DROP TABLE IF EXISTS t6;
DROP TABLE IF EXISTS t11;
DROP TABLE IF EXISTS t12;
DROP DATABASE IF EXISTS statements_digest;
