DROP DATABASE IF EXISTS test_zone;
CREATE DATABASE test_zone;
USE test_zone;
CREATE TABLE time_zone as SELECT * FROM mysql.time_zone WHERE 1 = 0;
CREATE TABLE time_zone_leap_second as SELECT * FROM mysql.time_zone_leap_second WHERE 1 = 0;
CREATE TABLE time_zone_name as SELECT * FROM mysql.time_zone_name WHERE 1 = 0;
CREATE TABLE time_zone_transition as SELECT * FROM mysql.time_zone_transition WHERE 1 = 0;
CREATE TABLE time_zone_transition_type as SELECT * FROM mysql.time_zone_transition_type WHERE 1 = 0;
# Load zone table for Japanese zones. Pass file as argument.
SELECT * FROM time_zone;
Time_zone_id	Use_leap_seconds
SELECT * FROM time_zone_name;
Name	Time_zone_id
SELECT * FROM time_zone_leap_second;
Transition_time	Correction
SELECT * FROM time_zone_transition;
Time_zone_id	Transition_time	Transition_type_id
SELECT * FROM time_zone_transition_type;
Time_zone_id	Transition_type_id	Offset	Is_DST	Abbreviation
# Load zone table with --leap option((mysql_tzinfo_to_sql --leap <zonepath>/UTC))
SELECT * FROM time_zone;
Time_zone_id	Use_leap_seconds
SELECT * FROM time_zone_name;
Name	Time_zone_id
SELECT * FROM time_zone_leap_second;
Transition_time	Correction
SELECT * FROM time_zone_transition;
Time_zone_id	Transition_time	Transition_type_id
SELECT * FROM time_zone_transition_type;
Time_zone_id	Transition_type_id	Offset	Is_DST	Abbreviation
#Load zone table file using folder(mysql_tzinfo_to_sql <zonepath>/Europe)
mysql_tzinfo_to_sql genereated empty file...!DROP DATABASE test_zone;
