include/master-slave.inc
Warnings:
Note	####	Sending passwords in plain text without SSL/TLS is extremely insecure.
Note	####	Storing MySQL user name or password information in the master info repository is not secure and is therefore not recommended. Please consider using the USER and PASSWORD connection options for START SLAVE; see the 'START SLAVE Syntax' in the MySQL Manual for more information.
[connection master]
call mtr.add_suppression("Statement is unsafe because it uses a system function that may return a different value on the slave");
SET GLOBAL DEBUG ='+d,set_commit_parent_100';
SET GLOBAL slave_parallel_type=LOGICAL_CLOCK;
ERROR HY000: This operation cannot be performed with a running slave; run STOP SLAVE first
include/stop_slave.inc
#setup the databases and tables
CREATE DATABASE db1;
CREATE TABLE db1.t (a int) engine=innodb;
CREATE DATABASE db2;
CREATE TABLE db2.t (a int) engine=myisam;
CREATE DATABASE db3;
CREATE TABLE db3.t engine=myisam select 100*RAND() as a;
CREATE DATABASE db4;
SET @VAR=100;
CREATE TABLE db4.t engine=myisam select @VAR as a;
SET GLOBAL DEBUG ='-d,set_commit_parent_100';
SET GLOBAL DEBUG ='+d,set_commit_parent_150';
INSERT INTO db2.t values (1),(2),(3);
INSERT INTO db4.t values (1),(2),(3);
SET GLOBAL DEBUG ='-d,set_commit_parent_150';
SET GLOBAL DEBUG ='+d,set_commit_parent_100';
BEGIN;
INSERT INTO db1.t values (1),(2),(3);
INSERT INTO db1.t values (1),(2),(3);
UPDATE db1.t SET db1.t.a= 2 WHERE db1.t.a > 2;
COMMIT;
BEGIN;
INSERT INTO db3.t values (1),(2),(3);
INSERT INTO db3.t values (1),(2),(3);
UPDATE db3.t SET db3.t.a= 2 WHERE db3.t.a > 2;
COMMIT;
SET GLOBAL DEBUG ='-d,set_commit_parent_100';
SET GLOBAL DEBUG ='+d,set_commit_parent_150';
BEGIN;
INSERT INTO db2.t values (1),(2),(3);
INSERT INTO db3.t values (1),(2),(3);
UPDATE db3.t SET db3.t.a= 2 WHERE db3.t.a > 2;
COMMIT;
BEGIN;
INSERT INTO db1.t values (1),(2),(3);
INSERT INTO db4.t values (1),(2),(3);
UPDATE db1.t SET db1.t.a= 2 WHERE db1.t.a > 2;
COMMIT;
SET GLOBAL slave_parallel_type='DATABASE';
include/start_slave.inc
include/sync_slave_sql_with_master.inc
include/diff_tables.inc [master:db1.t,slave:db1.t]
include/diff_tables.inc [master:db2.t, slave:db2.t]
include/diff_tables.inc [master:db3.t, slave:db3.t]
include/diff_tables.inc [master:db4.t, slave:db4.t]
include/stop_slave.inc
RESET SLAVE;
DROP DATABASE db1;
DROP DATABASE db2;
DROP DATABASE db3;
DROP DATABASE db4;
SET GLOBAL slave_parallel_type='LOGICAL_CLOCK';
include/start_slave.inc
include/sync_slave_sql_with_master.inc
include/diff_tables.inc [master:db1.t, slave:db1.t]
include/diff_tables.inc [master:db2.t, slave:db2.t]
include/diff_tables.inc [master:db3.t, slave:db3.t]
include/diff_tables.inc [master:db4.t, slave:db4.t]
include/stop_slave.inc
RESET SLAVE;
DROP DATABASE db1;
DROP DATABASE db2;
DROP DATABASE db3;
DROP DATABASE db4;
SET GLOBAL slave_parallel_type='DATABASE';
include/start_slave.inc
include/sync_slave_sql_with_master.inc
include/diff_tables.inc [master:db1.t, slave:db1.t]
include/diff_tables.inc [master:db2.t, slave:db2.t]
include/diff_tables.inc [master:db3.t, slave:db3.t]
include/diff_tables.inc [master:db4.t, slave:db4.t]
include/stop_slave.inc
SET GLOBAL SLAVE_PARALLEL_TYPE=DEFAULT;
include/start_slave.inc
DROP DATABASE db1;
DROP DATABASE db2;
DROP DATABASE db3;
DROP DATABASE db4;
include/stop_slave.inc
include/start_slave.inc
include/rpl_end.inc
