CREATE TABLE bug59733(a INT AUTO_INCREMENT PRIMARY KEY,b CHAR(1))ENGINE=InnoDB;
INSERT INTO bug59733 VALUES(0,'x');
INSERT INTO bug59733 SELECT 0,b FROM bug59733;
INSERT INTO bug59733 SELECT 0,b FROM bug59733;
INSERT INTO bug59733 SELECT 0,b FROM bug59733;
INSERT INTO bug59733 SELECT 0,b FROM bug59733;
INSERT INTO bug59733 SELECT 0,b FROM bug59733;
INSERT INTO bug59733 SELECT 0,b FROM bug59733;
INSERT INTO bug59733 SELECT 0,b FROM bug59733;
INSERT INTO bug59733 SELECT 0,b FROM bug59733;
INSERT INTO bug59733 SELECT 0,b FROM bug59733;
INSERT INTO bug59733 SELECT 0,b FROM bug59733;
INSERT INTO bug59733 SELECT 0,b FROM bug59733;
CREATE INDEX b ON bug59733 (b);
DELETE FROM bug59733 WHERE (a%100)=0;
DROP INDEX b ON bug59733;
CREATE INDEX b ON bug59733 (b);
ALTER TABLE bug59733 ROW_FORMAT=REDUNDANT, DROP INDEX b;
CREATE INDEX b ON bug59733 (b);
DELETE FROM bug59733 WHERE (a%100)=1;
DROP INDEX b ON bug59733;
CREATE INDEX b ON bug59733 (b);
CHECK TABLE bug59733;
Table	Op	Msg_type	Msg_text
test.bug59733	check	status	OK
SELECT COUNT(*) FROM bug59733;
COUNT(*)
2011
DROP TABLE bug59733;
