CREATE TABLE t (a INT) ENGINE=INNODB;
SELECT update_time FROM information_schema.tables WHERE table_name = 't';
update_time
NULL
INSERT INTO t VALUES (1);
SELECT COUNT(*) FROM information_schema.tables WHERE table_name = 't'
AND update_time IS NOT NULL;
COUNT(*)
1
SELECT COUNT(*) FROM information_schema.tables WHERE table_name = 't'
AND TIMESTAMPDIFF(SECOND, update_time, NOW()) < 120;
COUNT(*)
1
CREATE TABLE big (a TEXT) ENGINE=INNODB;
SELECT COUNT(*) FROM information_schema.innodb_buffer_page
WHERE table_name = '`test`.`t`';
COUNT(*)
1
SELECT COUNT(*) FROM information_schema.innodb_buffer_page
WHERE table_name = '`test`.`t`';
COUNT(*)
0
SELECT COUNT(*) FROM information_schema.tables WHERE table_name = 't'
AND update_time IS NOT NULL;
COUNT(*)
1
DROP TABLE big;
DROP TABLE t;
