set global innodb_file_per_table=on;
# Verify that the TRUNCATE TABLE statement works fine
# if the tablespace is missing.
use test;
create table t1(a int not null,
b int not null,
c int not null,
primary key (a),
index (b),
index (c))
engine=innodb row_format=compact;
select count(*) from t1;
count(*)
100
# Write file to make mysql-test-run.pl expect crash and restart
# Run the crashing query
truncate table t1;
ERROR HY000: Lost connection to MySQL server during query
# Restart the MySQL server
select count(*) from t1;
count(*)
100
drop table t1;
