drop table if exists t1;
set global innodb_adaptive_hash_index = false;
set global innodb_stats_persistent = false;
CREATE TABLE t1 (
a00 char(255) not null default 'a',
a01 char(255) not null default 'a',
a02 char(255) not null default 'a',
a03 char(255) not null default 'a',
a04 char(255) not null default 'a',
a05 char(255) not null default 'a',
a06 char(255) not null default 'a',
b int not null default 0
) engine=InnoDB;
ALTER TABLE t1 ADD CONSTRAINT pkey PRIMARY KEY(
a00,
a01,
a02,
a03,
a04,
a05,
a06
);
analyze table t1;
Table	Op	Msg_type	Msg_text
test.t1	analyze	status	OK
select CLUST_INDEX_SIZE from information_schema.INNODB_SYS_TABLESTATS where NAME = 'test/t1';
CLUST_INDEX_SIZE
1
set global innodb_limit_optimistic_insert_debug = 7;
insert into t1 (a00) values ('aa');
insert into t1 (a00) values ('ab');
insert into t1 (a00) values ('ac');
insert into t1 (a00) values ('ad');
insert into t1 (a00) values ('ae');
insert into t1 (a00) values ('af');
insert into t1 (a00) values ('ag');
insert into t1 (a00) values ('ah');
analyze table t1;
Table	Op	Msg_type	Msg_text
test.t1	analyze	status	OK
select CLUST_INDEX_SIZE from information_schema.INNODB_SYS_TABLESTATS where NAME = 'test/t1';
CLUST_INDEX_SIZE
3
insert into t1 (a00) values ('ai');
insert into t1 (a00) values ('aj');
insert into t1 (a00) values ('ak');
analyze table t1;
Table	Op	Msg_type	Msg_text
test.t1	analyze	status	OK
select CLUST_INDEX_SIZE from information_schema.INNODB_SYS_TABLESTATS where NAME = 'test/t1';
CLUST_INDEX_SIZE
4
insert into t1 (a00) values ('al');
insert into t1 (a00) values ('am');
insert into t1 (a00) values ('an');
insert into t1 (a00) values ('ao');
insert into t1 (a00) values ('ap');
insert into t1 (a00) values ('aq');
insert into t1 (a00) values ('ar');
analyze table t1;
Table	Op	Msg_type	Msg_text
test.t1	analyze	status	OK
select CLUST_INDEX_SIZE from information_schema.INNODB_SYS_TABLESTATS where NAME = 'test/t1';
CLUST_INDEX_SIZE
5
insert into t1 (a00) values ('as');
insert into t1 (a00) values ('at');
insert into t1 (a00) values ('au');
insert into t1 (a00) values ('av');
insert into t1 (a00) values ('aw');
insert into t1 (a00) values ('ax');
insert into t1 (a00) values ('ay');
analyze table t1;
Table	Op	Msg_type	Msg_text
test.t1	analyze	status	OK
select CLUST_INDEX_SIZE from information_schema.INNODB_SYS_TABLESTATS where NAME = 'test/t1';
CLUST_INDEX_SIZE
6
insert into t1 (a00) values ('az');
insert into t1 (a00) values ('ba');
insert into t1 (a00) values ('bb');
insert into t1 (a00) values ('bc');
insert into t1 (a00) values ('bd');
insert into t1 (a00) values ('be');
insert into t1 (a00) values ('bf');
analyze table t1;
Table	Op	Msg_type	Msg_text
test.t1	analyze	status	OK
select CLUST_INDEX_SIZE from information_schema.INNODB_SYS_TABLESTATS where NAME = 'test/t1';
CLUST_INDEX_SIZE
7
insert into t1 (a00) values ('bg');
insert into t1 (a00) values ('bh');
insert into t1 (a00) values ('bi');
insert into t1 (a00) values ('bj');
insert into t1 (a00) values ('bk');
insert into t1 (a00) values ('bl');
insert into t1 (a00) values ('bm');
analyze table t1;
Table	Op	Msg_type	Msg_text
test.t1	analyze	status	OK
select CLUST_INDEX_SIZE from information_schema.INNODB_SYS_TABLESTATS where NAME = 'test/t1';
CLUST_INDEX_SIZE
8
insert into t1 (a00) values ('bn');
insert into t1 (a00) values ('bo');
insert into t1 (a00) values ('bp');
insert into t1 (a00) values ('bq');
insert into t1 (a00) values ('br');
insert into t1 (a00) values ('bs');
insert into t1 (a00) values ('bt');
analyze table t1;
Table	Op	Msg_type	Msg_text
test.t1	analyze	status	OK
select CLUST_INDEX_SIZE from information_schema.INNODB_SYS_TABLESTATS where NAME = 'test/t1';
CLUST_INDEX_SIZE
11
insert into t1 (a00) values ('bu');
insert into t1 (a00) values ('bv');
insert into t1 (a00) values ('bw');
insert into t1 (a00) values ('bx');
insert into t1 (a00) values ('by');
insert into t1 (a00) values ('bz');
insert into t1 (a00) values ('ca');
insert into t1 (a00) values ('cb');
insert into t1 (a00) values ('cc');
insert into t1 (a00) values ('cd');
insert into t1 (a00) values ('ce');
insert into t1 (a00) values ('cf');
insert into t1 (a00) values ('cg');
insert into t1 (a00) values ('ch');
insert into t1 (a00) values ('ci');
insert into t1 (a00) values ('cj');
insert into t1 (a00) values ('ck');
insert into t1 (a00) values ('cl');
insert into t1 (a00) values ('cm');
insert into t1 (a00) values ('cn');
insert into t1 (a00) values ('co');
analyze table t1;
Table	Op	Msg_type	Msg_text
test.t1	analyze	status	OK
select CLUST_INDEX_SIZE from information_schema.INNODB_SYS_TABLESTATS where NAME = 'test/t1';
CLUST_INDEX_SIZE
15
insert into t1 (a00) values ('cp');
insert into t1 (a00) values ('cq');
insert into t1 (a00) values ('cr');
insert into t1 (a00) values ('cs');
insert into t1 (a00) values ('ct');
insert into t1 (a00) values ('cu');
insert into t1 (a00) values ('cv');
insert into t1 (a00) values ('cw');
insert into t1 (a00) values ('cx');
insert into t1 (a00) values ('cy');
insert into t1 (a00) values ('cz');
insert into t1 (a00) values ('da');
insert into t1 (a00) values ('db');
insert into t1 (a00) values ('dc');
insert into t1 (a00) values ('dd');
insert into t1 (a00) values ('de');
insert into t1 (a00) values ('df');
insert into t1 (a00) values ('dg');
insert into t1 (a00) values ('dh');
insert into t1 (a00) values ('di');
insert into t1 (a00) values ('dj');
insert into t1 (a00) values ('dk');
insert into t1 (a00) values ('dl');
insert into t1 (a00) values ('dm');
insert into t1 (a00) values ('dn');
insert into t1 (a00) values ('do');
insert into t1 (a00) values ('dp');
insert into t1 (a00) values ('dq');
insert into t1 (a00) values ('dr');
insert into t1 (a00) values ('ds');
insert into t1 (a00) values ('dt');
insert into t1 (a00) values ('du');
insert into t1 (a00) values ('dv');
insert into t1 (a00) values ('dw');
insert into t1 (a00) values ('dx');
insert into t1 (a00) values ('dy');
insert into t1 (a00) values ('dz');
insert into t1 (a00) values ('ea');
insert into t1 (a00) values ('eb');
insert into t1 (a00) values ('ec');
insert into t1 (a00) values ('ed');
insert into t1 (a00) values ('ee');
insert into t1 (a00) values ('ef');
insert into t1 (a00) values ('eg');
insert into t1 (a00) values ('eh');
insert into t1 (a00) values ('ei');
insert into t1 (a00) values ('ej');
insert into t1 (a00) values ('ek');
insert into t1 (a00) values ('el');
analyze table t1;
Table	Op	Msg_type	Msg_text
test.t1	analyze	status	OK
select CLUST_INDEX_SIZE from information_schema.INNODB_SYS_TABLESTATS where NAME = 'test/t1';
CLUST_INDEX_SIZE
23
insert into t1 (a00) values ('em');
insert into t1 (a00) values ('en');
insert into t1 (a00) values ('eo');
insert into t1 (a00) values ('ep');
insert into t1 (a00) values ('eq');
insert into t1 (a00) values ('er');
insert into t1 (a00) values ('es');
insert into t1 (a00) values ('et');
insert into t1 (a00) values ('eu');
insert into t1 (a00) values ('ev');
insert into t1 (a00) values ('ew');
insert into t1 (a00) values ('ex');
insert into t1 (a00) values ('ey');
insert into t1 (a00) values ('ez');
insert into t1 (a00) values ('fa');
insert into t1 (a00) values ('fb');
insert into t1 (a00) values ('fc');
insert into t1 (a00) values ('fd');
insert into t1 (a00) values ('fe');
insert into t1 (a00) values ('ff');
insert into t1 (a00) values ('fg');
insert into t1 (a00) values ('fh');
insert into t1 (a00) values ('fi');
insert into t1 (a00) values ('fj');
insert into t1 (a00) values ('fk');
insert into t1 (a00) values ('fl');
insert into t1 (a00) values ('fm');
insert into t1 (a00) values ('fn');
insert into t1 (a00) values ('fo');
insert into t1 (a00) values ('fp');
insert into t1 (a00) values ('fq');
insert into t1 (a00) values ('fr');
insert into t1 (a00) values ('fs');
insert into t1 (a00) values ('ft');
insert into t1 (a00) values ('fu');
insert into t1 (a00) values ('fv');
insert into t1 (a00) values ('fw');
insert into t1 (a00) values ('fx');
insert into t1 (a00) values ('fy');
insert into t1 (a00) values ('fz');
insert into t1 (a00) values ('ga');
insert into t1 (a00) values ('gb');
insert into t1 (a00) values ('gc');
insert into t1 (a00) values ('gd');
insert into t1 (a00) values ('ge');
insert into t1 (a00) values ('gf');
insert into t1 (a00) values ('gg');
insert into t1 (a00) values ('gh');
analyze table t1;
Table	Op	Msg_type	Msg_text
test.t1	analyze	status	OK
select CLUST_INDEX_SIZE from information_schema.INNODB_SYS_TABLESTATS where NAME = 'test/t1';
CLUST_INDEX_SIZE
29
set global innodb_limit_optimistic_insert_debug = 0;
TEST START
set DEBUG_SYNC='RESET';
insert into t1 (a00) values ('bfa');
set DEBUG_SYNC='before_insert_pessimitic_row_ins_clust SIGNAL reached WAIT_FOR continue';
insert into t1 (a00) values ('bfb');
set DEBUG_SYNC='now WAIT_FOR reached';
select a00,a01 from t1 where a00 = 'aa';
a00	a01
aa	a
select a00,a01 from t1 where a00 = 'aq';
a00	a01
aq	a
select a00,a01 from t1 where a00 = 'cp';
a00	a01
cp	a
select a00,a01 from t1 where a00 = 'el';
a00	a01
el	a
set DEBUG_SYNC='rw_s_lock_waiting SIGNAL lockwait1';
select a00,a01 from t1 where a00 = 'ar';
set DEBUG_SYNC='rw_s_lock_waiting SIGNAL lockwait2';
select a00,a01 from t1 where a00 = 'cn';
set DEBUG_SYNC='now WAIT_FOR lockwait1';
set DEBUG_SYNC='now WAIT_FOR lockwait2';
set DEBUG_SYNC='now SIGNAL continue';
a00	a01
ar	a
a00	a01
cn	a
analyze table t1;
Table	Op	Msg_type	Msg_text
test.t1	analyze	status	OK
select CLUST_INDEX_SIZE from information_schema.INNODB_SYS_TABLESTATS where NAME = 'test/t1';
CLUST_INDEX_SIZE
30
set DEBUG_SYNC='RESET';
insert into t1 (a00) values ('cva');
set DEBUG_SYNC='before_insert_pessimitic_row_ins_clust SIGNAL reached WAIT_FOR continue';
insert into t1 (a00) values ('cvb');
set DEBUG_SYNC='now WAIT_FOR reached';
set DEBUG_SYNC='rw_s_lock_waiting SIGNAL lockwait1';
select a00,a01 from t1 where a00 = 'aa';
set DEBUG_SYNC='rw_s_lock_waiting SIGNAL lockwait2';
select a00,a01 from t1 where a00 = 'el';
set DEBUG_SYNC='now WAIT_FOR lockwait1';
set DEBUG_SYNC='now WAIT_FOR lockwait2';
set DEBUG_SYNC='now SIGNAL continue';
a00	a01
aa	a
a00	a01
el	a
analyze table t1;
Table	Op	Msg_type	Msg_text
test.t1	analyze	status	OK
select CLUST_INDEX_SIZE from information_schema.INNODB_SYS_TABLESTATS where NAME = 'test/t1';
CLUST_INDEX_SIZE
31
set DEBUG_SYNC='RESET';
insert into t1 (a00) values ('gba');
set DEBUG_SYNC='before_insert_pessimitic_row_ins_clust SIGNAL reached WAIT_FOR continue';
insert into t1 (a00) values ('gbb');
set DEBUG_SYNC='now WAIT_FOR reached';
select a00,a01 from t1 where a00 = 'aa';
a00	a01
aa	a
select a00,a01 from t1 where a00 = 'ek';
a00	a01
ek	a
set DEBUG_SYNC='rw_s_lock_waiting SIGNAL lockwait1';
select a00,a01 from t1 where a00 = 'el';
set DEBUG_SYNC='rw_s_lock_waiting SIGNAL lockwait2';
select a00,a01 from t1 where a00 = 'gb';
set DEBUG_SYNC='now WAIT_FOR lockwait1';
set DEBUG_SYNC='now WAIT_FOR lockwait2';
set DEBUG_SYNC='now SIGNAL continue';
a00	a01
el	a
a00	a01
gb	a
analyze table t1;
Table	Op	Msg_type	Msg_text
test.t1	analyze	status	OK
select CLUST_INDEX_SIZE from information_schema.INNODB_SYS_TABLESTATS where NAME = 'test/t1';
CLUST_INDEX_SIZE
32
set DEBUG_SYNC='RESET';
drop table t1;
